{
  "jobs": {
    "job::${NAMESPACE}::front-end": {
      "docker": {
        "image": "weaveworksdemos/front-end:master-ac9ca707"
      },
      "restart_mode": "yes",
      "state": "ready",
      "start": {
        "cmd": "/usr/local/bin/npm --prefix /usr/src/app start -- --domain=apcera.local:8080",
        "timeout": 60
      },
      "ssh": true,
      "exposed_ports": [ 8079 ],
      "resources": {
        "memory": "128MB"
      },
      "routes": [
        {
          "type": "http",
          "endpoint": "frontend.${CLUSTER}",
          "config": {
            "/": [
              {
                "weight": 100,
                "port": 8079
              }
            ]
          }
        }
      ],
      "env": {
        "PORT": "8079"
      }
    },
    "job::${NAMESPACE}::catalogue": {
      "docker": {
        "image": "weaveworksdemos/catalogue:0.3.5"
      },
      "restart_mode": "yes",
      "state": "ready",
      "start": {
        "cmd": "ash -c './app -port=8080 -zipkin=http://$(echo $ZIPKIN_URI | cut -d/ -f3)/api/v1/spans -DSN=catalogue_user:default_password@tcp`echo \"($CATALOGUE_DB)\"`/socksdb'",
        "timeout": 60
      },
      "ssh": false,
      "links": {
        "ZIPKIN": {
          "fqn": "job::${NAMESPACE}::zipkin",
          "port": 9411
        }
      },
      "exposed_ports": [ 8080 ],
      "resources": {
        "memory": "64MB"
      },
      "env": {
        "PORT": "8080",
        "CATALOGUE_DB": "catalogue-db.apcera.local:3306"
      }
    },
    "job::${NAMESPACE}::catalogue-db": {
      "docker": {
        "image": "weaveworksdemos/catalogue-db:0.3.5"
      },
      "restart_mode": "yes",
      "state": "ready",
      "ssh": false,
      "exposed_ports": [ 3306 ],
      "resources": {
        "memory": "256MB"
      },
      "env": {
        "MYSQL_ROOT_PASSWORD": "MySQL",
        "MYSQL_ALLOW_EMPTY_PASSWORD": "true",
        "MYSQL_DATABASE": "socksdb"
      }
    },
    "job::${NAMESPACE}::carts": {
      "docker": {
        "image": "weaveworksdemos/carts:0.4.8"
      },
      "restart_mode": "yes",
      "state": "ready",
      "start": {
        "cmd": "ash -c '/usr/local/bin/java.sh -jar /usr/src/app/app.jar --spring.zipkin.baseUrl=http://$(echo $ZIPKIN_URI| cut -d/ -f3)/'",
        "timeout": 60
      },
      "ssh": false,
      "links": {
        "ZIPKIN": {
          "fqn": "job::${NAMESPACE}::zipkin",
          "port": 9411
        }
      },
      "exposed_ports": [ 8080 ],
      "resources": {
        "memory": "384MB"
      },
      "env": {
        "PORT": "8080",
        "DB": "carts-db.apcera.local",
        "JAVA_OPTS": "-Xms64m -Xmx128m -Djava.security.egd=file:/dev/urandom"
      }
    },
    "job::${NAMESPACE}::carts-db": {
      "docker": {
        "image": "mongo:3.4.3"
      },
      "restart_mode": "yes",
      "state": "ready",
      "start": {
        "cmd": "mongod",
        "timeout": 60
      },
      "ssh": false,
      "exposed_ports": [ 27017 ],
      "resources": {
        "memory": "256MB"
      }
    },
    "job::${NAMESPACE}::orders": {
      "docker": {
        "image": "weaveworksdemos/orders:0.4.7"
      },
      "restart_mode": "yes",
      "state": "ready",
      "start": {
        "cmd": "ash -c '/usr/local/bin/java.sh -jar /usr/src/app/app.jar --spring.zipkin.baseUrl=http://$(echo $ZIPKIN_URI| cut -d/ -f3)/'",
        "timeout": 60
      },
      "ssh": false,
      "links": {
        "ZIPKIN": {
          "fqn": "job::${NAMESPACE}::zipkin",
          "port": 9411
        }
      },
      "exposed_ports": [ 8080 ],
      "resources": {
        "memory": "384MB"
      },
      "env": {
        "PORT": "8080",
        "DOMAIN": "apcera.local:8080",
        "DB": "orders-db.apcera.local",
        "JAVA_OPTS": "-Xms64m -Xmx128m -Djava.security.egd=file:/dev/urandom"
      }
    },
    "job::${NAMESPACE}::orders-db": {
      "docker": {
        "image": "mongo:3.4.3"
      },
      "restart_mode": "yes",
      "state": "ready",
      "start": {
        "cmd": "mongod",
        "timeout": 60
      },
      "ssh": true,
      "exposed_ports": [ 27017 ],
      "resources": {
        "memory": "256MB"
      }
    },
    "job::${NAMESPACE}::user": {
      "docker": {
        "image": "weaveworksdemos/user:master-5e88df65"
      },
      "restart_mode": "yes",
      "state": "ready",
      "start": {
        "cmd": "ash -c '/user -port=8080 -zipkin http://$(echo $ZIPKIN_URI | cut -d/ -f3)/api/v1/spans'",
        "timeout": 60
      },
      "ssh": false,
      "links": {
        "ZIPKIN": {
          "fqn": "job::${NAMESPACE}::zipkin",
          "port": 9411
        }
      },
      "exposed_ports": [ 8080 ],
      "resources": {
        "memory": "64MB"
      },
      "env": {
        "PORT": "8080",
        "HATEAOS": "user.apcera.local:8080",
        "MONGO_HOST": "user-db.apcera.local:27017",
        "USER_DATABASE": "mongodb"
      }
    },
    "job::${NAMESPACE}::user-db": {
      "docker": {
        "image": "weaveworksdemos/user-db:master-5e88df65"
      },
      "restart_mode": "yes",
      "state": "ready",
      "start": {
        "cmd": "mongod --config /etc/mongodb.conf --smallfiles",
        "timeout": 60
      },
      "ssh": false,
      "exposed_ports": [ 27017 ],
      "resources": {
        "memory": "256MB"
      }
    },
    "job::${NAMESPACE}::payment": {
      "docker": {
        "image": "weaveworksdemos/payment:0.4.3"
      },
      "restart_mode": "yes",
      "state": "ready",
      "start": {
        "cmd": "ash -c '/app -port=8080 -zipkin=http://$(echo $ZIPKIN_URI| cut -d/ -f3)/api/v1/spans'",
        "timeout": 60
      },
      "ssh": false,
      "links": {
        "ZIPKIN": {
          "fqn": "job::${NAMESPACE}::zipkin",
          "port": 9411
        }
      },
      "exposed_ports": [ 8080 ],
      "resources": {
        "memory": "64MB"
      },
      "env": {
        "PORT": "8080"
      }
    },
    "job::${NAMESPACE}::shipping": {
      "docker": {
        "image": "weaveworksdemos/shipping:0.4.8"
      },
      "restart_mode": "yes",
      "state": "ready",
      "start": {
        "cmd": "ash -c '/usr/local/bin/java.sh -jar /usr/src/app/app.jar --spring.zipkin.baseUrl=http://$(echo $ZIPKIN_URI| cut -d/ -f3)/'",
        "timeout": 60
      },
      "ssh": false,
      "links": {
        "ZIPKIN": {
          "fqn": "job::${NAMESPACE}::zipkin",
          "port": 9411
        }
      },
      "exposed_ports": [ 8080 ],
      "resources": {
        "memory": "384MB"
      },
      "env": {
        "PORT": "8080",
        "SPRING_RABBITMQ_HOST": "rabbitmq.apcera.local",
        "JAVA_OPTS": "-Xms64m -Xmx128m -Djava.security.egd=file:/dev/urandom"
      }
    },
    "job::${NAMESPACE}::rabbitmq": {
      "docker": {
        "image": "rabbitmq:3.6.8"
      },
      "restart_mode": "yes",
      "state": "ready",
      "ssh": false,
      "exposed_ports": [ 5672 ],
      "resources": {
        "memory": "128MB"
      }
    },
    "job::${NAMESPACE}::queue-master": {
      "docker": {
        "image": "weaveworksdemos/queue-master:master-48d63b59"
      },
      "restart_mode": "yes",
      "state": "ready",
      "start": {
        "cmd": "/usr/local/bin/java.sh -jar /usr/src/app/app.jar",
        "timeout": 60
      },
      "ssh": false,
      "exposed_ports": [ 8080 ],
      "resources": {
        "memory": "256MB"
      },
      "env": {
        "PORT": "8080",
        "SPRING_RABBITMQ_HOST": "rabbitmq.apcera.local",
        "JAVA_OPTS": "-Xms64m -Xmx128m -Djava.security.egd=file:/dev/urandom"
      }
    },
    "job::${NAMESPACE}::zipkin": {
      "docker": {
        "image": "openzipkin/zipkin:1.21.0"
      },
      "restart_mode": "yes",
      "state": "ready",
      "ssh": false,
      "exposed_ports": [ 9411 ],
      "resources": {
        "memory": "256MB"
      },
      "routes": [
        {
          "type": "http",
          "endpoint": "zipkin.${CLUSTER}",
          "config": {
            "/": [
              {
                "weight": 100,
                "port": 9411
              }
            ]
          }
        }
      ],
      "env": {
        "PORT": "9411",
        "JAVA_OPTS": "-Xms64m -Xmx128m"
      }
    },
    "job::${NAMESPACE}::user-sim": {
      "docker": {
        "image": "weaveworksdemos/load-test:master-384fa3c5"
      },
      "restart_mode": "yes",
      "state": "ready",
      "start": {
        "cmd": "bash -c '/usr/local/bin/runLocust.sh -d 60 -r 200 -c 2 -h $(echo $FRONTEND_URI| cut -d/ -f3)'",
        "timeout": 60
      },
      "ssh": false,
      "links": {
        "FRONTEND": {
          "fqn": "job::${NAMESPACE}::front-end",
          "port": 8079
        }
      },
      "resources": {
        "memory": "512MB"
      }
    }
  },
  "networks": {
    "network::${NAMESPACE}::sockshop-network": {
      "jobs": [
        {
          "fqn": "job::${NAMESPACE}::front-end",
          "discovery_address": "front-end"
        },
        {
          "fqn": "job::${NAMESPACE}::catalogue",
          "discovery_address": "catalogue"
        },
        {
          "fqn": "job::${NAMESPACE}::catalogue-db",
          "discovery_address": "catalogue-db"
        },
        {
          "fqn": "job::${NAMESPACE}::orders",
          "discovery_address": "orders"
        },
        {
          "fqn": "job::${NAMESPACE}::orders-db",
          "discovery_address": "orders-db"
        },
        {
          "fqn": "job::${NAMESPACE}::carts",
          "discovery_address": "carts"
        },
        {
          "fqn": "job::${NAMESPACE}::carts-db",
          "discovery_address": "carts-db"
        },
        {
          "fqn": "job::${NAMESPACE}::user",
          "discovery_address": "user"
        },
        {
          "fqn": "job::${NAMESPACE}::user-db",
          "discovery_address": "user-db"
        },
        {
          "fqn": "job::${NAMESPACE}::payment",
          "discovery_address": "payment"
        },
        {
          "fqn": "job::${NAMESPACE}::rabbitmq",
          "discovery_address": "rabbitmq"
        },
        {
          "fqn": "job::${NAMESPACE}::queue-master",
          "discovery_address": "queue-master"
        },
        {
          "fqn": "job::${NAMESPACE}::shipping",
          "discovery_address": "shipping"
        }
      ]
    }
  }
}
