{
  "id": "/weave-demo",
  "groups": [
    {
      "id": "/weave-demo/database",
      "apps": [
        {
          "id": "/weave-demo/database/user-db",
          "cpus": 0.1,
          "mem": 1024.0,
          "container": {
            "type": "DOCKER",
            "docker": {
              "image": "weaveworksdemos/user-db",
              "network": "BRIDGE",
              "parameters": [
                {
                  "key": "hostname",
                  "value": "user-db.weave.local"
                }
              ]
            }
          }
        },
        {
          "id": "/weave-demo/database/rabbitmq",
          "cpus": 0.1,
          "mem": 1024.0,
          "container": {
            "type": "DOCKER",
            "docker": {
              "image": "rabbitmq:3.6.8",
              "network": "BRIDGE",
              "parameters": [
                {
                  "key": "hostname",
                  "value": "rabbitmq.weave.local"
                }
              ]
            }
          }
        },
        {
          "id": "/weave-demo/database/carts-db",
          "cpus": 0.1,
          "mem": 1024.0,
          "container": {
            "type": "DOCKER",
            "docker": {
              "image": "mongo",
              "network": "BRIDGE",
              "parameters": [
                {
                  "key": "hostname",
                  "value": "carts-db.weave.local"
                }
              ]
            }
          }
        },
        {
          "id": "/weave-demo/database/orders-db",
          "cpus": 0.1,
          "mem": 1024.0,
          "container": {
            "type": "DOCKER",
            "docker": {
              "image": "mongo",
              "network": "BRIDGE",
              "parameters": [
                {
                  "key": "hostname",
                  "value": "orders-db.weave.local"
                }
              ]
            }
          }
        },
        {
          "id": "/weave-demo/database/catalogue-db",
          "cpus": 0.1,
          "mem": 1024.0,
          "container": {
            "type": "DOCKER",
            "docker": {
              "image": "weaveworksdemos/catalogue-db",
              "network": "BRIDGE",
              "parameters": [
                {
                  "key": "hostname",
                  "value": "catalogue-db.weave.local"
                }
              ]
            }
          },
          "env": {
            "MYSQL_ALLOW_EMPTY_PASSWORD": "true",
            "MYSQL_DATABASE": "socksdb"
          }
        }
      ]
    },
    {
      "id": "/weave-demo/service",
      "dependencies": [
        "/weave-demo/database"
      ],
      "apps": [
        {
          "id": "/weave-demo/service/user",
          "cpus": 0.5,
          "mem": 1024.0,
          "container": {
            "type": "DOCKER",
            "docker": {
              "image": "weaveworksdemos/user:latest",
              "network": "BRIDGE",
              "parameters": [
                {
                  "key": "hostname",
                  "value": "user.weave.local"
                }
              ]
            }
          }
        },
        {
          "id": "/weave-demo/service/carts",
          "cpus": 0.5,
          "mem": 1024.0,
          "container": {
            "type": "DOCKER",
            "docker": {
              "image": "weaveworksdemos/carts:latest",
              "network": "BRIDGE",
              "parameters": [
                {
                  "key": "hostname",
                  "value": "carts.weave.local"
                }
              ]
            }
          },
          "env": {
            "JAVA_OPTS": "-Xms64m -Xmx128m -XX:PermSize=32m -XX:MaxPermSize=64m -XX:+UseG1GC -Djava.security.egd=file:/dev/urandom"
          }
        },
        {
          "id": "/weave-demo/service/orders",
          "cpus": 0.5,
          "mem": 1024.0,
          "container": {
            "type": "DOCKER",
            "docker": {
              "image": "weaveworksdemos/orders:latest",
              "network": "BRIDGE",
              "parameters": [
                {
                  "key": "hostname",
                  "value": "orders.weave.local"
                }
              ]
            }
          },
          "env": {
            "JAVA_OPTS": "-Xms64m -Xmx128m -XX:PermSize=32m -XX:MaxPermSize=64m -XX:+UseG1GC -Djava.security.egd=file:/dev/urandom"
          }
        },
        {
          "id": "/weave-demo/service/payment",
          "cpus": 0.1,
          "mem": 128.0,
          "container": {
            "type": "DOCKER",
            "docker": {
              "image": "weaveworksdemos/payment:latest",
              "network": "BRIDGE",
              "parameters": [
                {
                  "key": "hostname",
                  "value": "payment.weave.local"
                }
              ]
            }
          }
        },
        {
          "id": "/weave-demo/service/shipping",
          "cpus": 0.5,
          "mem": 1024.0,
          "container": {
            "type": "DOCKER",
            "docker": {
              "image": "weaveworksdemos/shipping:latest",
              "network": "BRIDGE",
              "parameters": [
                {
                  "key": "hostname",
                  "value": "shipping.weave.local"
                }
              ]
            }
          },
          "env": {
            "JAVA_OPTS": "-Xms64m -Xmx128m -XX:PermSize=32m -XX:MaxPermSize=64m -XX:+UseG1GC -Djava.security.egd=file:/dev/urandom"
          }
        },
        {
          "id": "/weave-demo/service/queue-master",
          "cpus": 0.5,
          "mem": 1024.0,
          "container": {
            "type": "DOCKER",
            "docker": {
              "image": "weaveworksdemos/queue-master:latest",
              "network": "BRIDGE",
              "parameters": [
                {
                  "key": "hostname",
                  "value": "queue-master.weave.local"
                }
              ],
              "privileged": true
            }
          }
        },
        {
          "id": "/weave-demo/service/catalogue",
          "cpus": 0.1,
          "mem": 256.0,
          "container": {
            "type": "DOCKER",
            "docker": {
              "image": "weaveworksdemos/catalogue:latest",
              "network": "BRIDGE",
              "parameters": [
                {
                  "key": "hostname",
                  "value": "catalogue.weave.local"
                }
              ]
            }
          }
        }
      ]
    },
    {
      "id": "/weave-demo/ui",
      "dependencies": [
        "/weave-demo/service"
      ],
      "apps": [
        {
          "id": "/weave-demo/ui/front-end",
          "cmd": "PORT=8079 ; npm start -- ",
          "cpus": 0.5,
          "mem": 1024.0,
          "container": {
            "type": "DOCKER",
            "docker": {
              "image": "weaveworksdemos/front-end:latest",
              "network": "BRIDGE",
              "parameters": [
                {
                  "key": "hostname",
                  "value": "front-end.weave.local"
                }
              ]
            }
          }
        }
      ]
    },
    {
      "id": "/weave-demo/external",
      "dependencies": [
        "/weave-demo/ui"
      ],
      "apps": [
        {
          "id": "/weave-demo/external/edge-router",
          "cpus": 0.2,
          "mem": 512,
          "disk": 0,
          "instances": 1,
          "constraints": [
            [
              "hostname",
              "UNIQUE"
            ]
          ],
          "container": {
            "docker": {
              "image": "weaveworksdemos/edge-router:latest",
              "network": "BRIDGE",
              "portMappings": [
                {
                  "containerPort": 80,
                  "hostPort": 80
                }
              ],
              "privileged": true
            },
            "type": "DOCKER",
            "volumes": []
          },
          "portDefinitions": [
            {
              "port": 80,
              "protocol": "tcp",
              "name": "80"
            }
          ]
        }
      ]
    }
  ]
}
